[
    {
        "UpdateStageName": "",
        "UpdateSourcePlatform": "Linux",
        "UpdateSource": "FetchURL",
        "UpdateSourceData": "http://www.uhost4free.com/files/reborn_latest_linux.zip",
        "UpdateSourceArgs": "",
        "UpdateSourceVersion": "",
        "UpdateSourceTarget": "",
        "UnzipUpdateSource": true,
        "OverwriteExistingFiles": false,
        "ForceDownloadPlatform": null,
        "UpdateSourceConditionSetting": null,
        "UpdateSourceConditionValue": null,
        "DeleteAfterExtract": true,
        "OneShot": false
    }
]